rank,title,year,rating,runtime,Mystery,Drama,Sport,Sci-Fi,Family,Adventure,Horror,Crime,Romance,Fantasy,Western,Animation,War,Thriller,Action,Music,Comedy,Musical,Biography,History
1,Irrla3ufer,2014,10.0,,0,0,0,0,0,0,0,0,0,0,0,0,0,1,0,0,0,0,0,0
2,Chaar Sahibzaade,2014,9.3,128,0,0,0,0,0,0,0,0,0,0,0,1,0,0,0,0,0,0,0,0
3,Maikol Yordan de Viaje Perdido,2014,9.2,101,0,0,0,0,0,0,0,0,0,0,0,0,0,0,0,0,1,0,0,0
4,Lady Peacock,2014,9.1,,0,0,0,0,0,0,0,0,1,0,0,0,0,0,0,0,1,0,0,0
5,Queen of the Mountains,2014,9.1,135,0,1,0,0,0,0,0,0,0,0,0,0,0,0,1,0,0,0,1,1
6,The Crucible,2014,9.0,190,0,1,0,0,0,0,0,0,0,0,0,0,0,0,0,0,0,0,0,0
7,The Dark Knight,2008,9.0,152,0,1,0,0,0,0,0,1,0,0,0,0,0,0,1,0,0,0,0,0
8,Cherry Red Kiss,2014,9.0,,0,0,0,0,0,0,0,0,1,0,0,0,0,0,0,0,1,0,0,0
9,East Side Sushi,2014,9.0,100,0,1,0,0,0,0,0,0,0,0,0,0,0,0,0,0,0,0,0,0
10,Potential Inertia,2014,9.0,90,0,1,0,0,0,0,0,0,0,0,0,0,0,0,0,0,0,0,0,0
11,Rites of Passage,2013,8.9,80,0,1,0,0,0,0,0,0,0,0,0,0,0,0,0,0,0,0,0,0
12,Voice of the Vespers,2014,8.6,98,0,0,0,1,0,0,0,0,0,1,0,0,0,0,1,0,0,0,0,0
13,Drishyam,2013,8.9,160,0,1,0,0,0,0,0,0,0,0,0,0,0,1,0,0,0,0,0,0
14,Flock of Dudes,2014,8.9,90,0,0,0,0,0,0,0,0,0,0,0,0,0,0,0,0,1,0,0,0
15,The Tailor's Apprentice,2014,8.9,84,0,1,0,0,0,0,0,1,0,0,0,0,0,1,0,0,0,0,0,0
16,1,2014,8.9,170,1,0,0,0,0,0,0,0,0,0,0,0,0,1,1,0,0,0,0,0
17,Flea,2014,8.8,,0,1,0,0,0,0,0,0,0,1,0,0,0,0,0,0,0,0,0,0
18,Interstellar,2014,8.8,169,0,0,0,1,0,1,0,0,0,0,0,0,0,0,0,0,0,0,0,0
19,Attack of the Clones Review,2010,8.8,86,0,0,0,0,0,0,0,0,0,0,0,0,0,0,0,0,1,0,0,0
20,Cherrybelle's: Crush,2014,8.8,101,0,1,0,0,0,0,0,0,0,0,0,0,0,0,0,0,0,1,0,0
21,Bey Yaar,2014,8.8,150,0,1,0,0,1,0,0,0,0,0,0,0,0,0,0,0,1,0,0,0
22,Inception,2010,8.8,148,1,0,0,1,0,0,0,0,0,0,0,0,0,1,1,0,0,0,0,0
23,Highway to Dhampus,2014,8.8,100,0,1,0,0,0,0,0,0,1,0,0,0,0,0,0,0,0,0,0,0
24,Sparks and Embers,2014,8.8,84,0,1,0,0,0,0,0,0,1,0,0,0,0,0,0,0,1,0,0,0
25,Pretty Rosebud,2014,8.7,,0,1,0,0,0,0,0,0,0,0,0,0,0,0,0,0,0,0,0,0
26,Wheels,2014,8.8,115,0,1,0,0,0,0,0,0,0,0,0,0,0,0,0,0,0,0,0,0
27,Nigger,2009,8.8,47,0,0,0,0,0,0,0,0,0,0,0,0,0,0,0,0,0,0,0,0
28,Na Maloom Afraad,2014,8.7,,0,0,0,0,0,0,0,0,0,0,0,0,0,1,0,0,1,0,0,0
29,Waar,2013,8.7,130,0,1,0,0,0,0,0,0,0,0,0,0,0,1,1,0,0,0,0,0
30,Enakkul Oru Devathai,2014,8.7,108,0,0,0,0,1,0,0,0,0,0,0,0,0,0,0,0,0,0,0,0
31,Dr. Prakash Baba Amte: The Real Hero,2014,8.7,119,0,1,0,0,0,0,0,0,0,0,0,0,0,0,0,0,0,0,1,1
32,Les Misrables in Concert: The 25th Anniversary,2010,8.7,178,0,0,0,0,0,0,0,0,0,0,0,0,0,0,0,0,0,1,0,0
33,Half Time and Down,2014,8.7,47,0,0,0,0,0,0,0,0,0,0,0,0,0,0,0,0,1,0,0,0
34,30 Days in Atlanta,2014,8.6,,0,0,0,0,0,0,0,0,0,0,0,0,0,0,0,0,1,0,0,0
35,Camilla Dickinson,2012,8.7,117,0,0,0,0,1,0,0,0,1,0,0,0,0,0,0,0,0,0,0,0
36,Dissonance,2008,8.7,80,0,0,0,0,0,0,0,0,0,0,0,0,0,1,0,0,0,0,0,0
37,Ajana Batas,2013,8.7,102,0,1,0,0,0,0,0,0,0,0,0,0,0,0,0,0,0,0,0,0
38,Qandil Mountains,2010,8.7,94,0,1,0,0,0,0,0,0,0,0,0,0,0,0,0,0,0,0,0,0
39,Hero of the Day,2012,8.7,95,0,1,0,0,0,0,0,0,0,0,0,0,0,0,0,0,0,0,0,0
40,Brtan,2006,8.7,162,0,1,0,0,0,0,0,0,0,0,0,0,1,0,0,0,0,0,0,0
41,The Dark Horse,2014,8.7,124,0,1,0,0,0,0,0,0,0,0,0,0,0,0,0,0,0,0,0,0
42,Mount Joy,2014,8.7,86,0,1,0,0,0,0,0,0,0,0,0,0,0,0,0,0,0,0,0,0
43,How to Act and Eat at the Same Time,2012,8.7,51,0,0,0,0,0,0,0,0,0,0,0,0,0,0,0,0,0,0,0,1
44,That Thing Called Tadhana,2014,8.8,,0,0,0,0,0,0,0,0,1,0,0,0,0,0,0,0,0,0,0,0
45,The Beat Beneath My Feet,2014,8.7,89,0,1,0,0,1,0,0,0,0,0,0,0,0,0,0,1,1,0,0,0
46,Jane Wants a Boyfriend,2014,8.7,101,0,1,0,0,0,0,0,0,1,0,0,0,0,0,0,0,1,0,0,0
47,Jimmy Vestvood: Amerikan Hero,2014,8.7,84,0,0,0,0,0,0,0,0,0,0,0,0,0,0,0,0,1,0,0,0
48,The sinking of Sozopol,2014,8.9,101,1,1,0,0,0,0,0,0,0,0,0,0,0,0,0,0,0,0,0,0
49,Victims of Fun,2014,8.7,120,0,1,0,0,0,0,0,0,0,0,0,0,0,0,0,0,0,0,0,0
50,Simply gay le film,2014,8.7,71,0,1,0,0,1,0,0,0,0,0,0,0,0,0,0,0,0,0,0,0
51,Xoca,2012,8.7,115,0,1,0,0,0,0,0,0,0,0,0,0,0,0,0,0,0,0,0,0
52,Whiplash,2014,8.6,107,0,1,0,0,0,0,0,0,0,0,0,0,0,0,0,1,0,0,0,0
53,Arrange to Settle,2014,8.6,,0,1,0,0,0,0,0,0,0,0,0,0,0,0,0,0,0,0,0,0
54,Touching Down,2005,8.6,115,0,1,0,0,0,0,0,0,0,0,0,0,0,0,0,0,0,0,0,0
55,Trapped Abroad,2014,8.6,100,0,0,0,0,0,0,0,0,0,0,0,0,0,0,1,0,0,0,0,0
56,Talakjung vs Tulke,2014,8.6,,0,1,0,0,0,0,0,0,0,0,0,0,0,0,0,0,0,0,0,0
57,The Guide,2014,8.6,122,0,1,0,0,0,0,0,0,0,0,0,0,0,0,0,0,0,0,0,1
58,Surviving Family,2012,8.6,,0,1,0,0,0,0,0,0,1,0,0,0,0,0,0,0,0,0,0,0
59,Attack on Titan Crimson Bow and Arrow,2014,8.6,119,0,0,0,0,0,0,0,0,0,1,0,1,0,0,1,0,0,0,0,0
60,Janeane from Des Moines,2012,8.6,78,0,1,0,0,0,0,0,0,0,0,0,0,0,0,0,0,0,0,0,0
61,Vacuum,2012,8.6,,0,1,0,0,0,0,0,0,0,0,0,0,0,0,0,0,0,0,0,0
62,Tangerines,2013,8.6,87,0,1,0,0,0,0,0,0,0,0,0,0,1,0,0,0,0,0,0,0
63,Jigarthanda,2014,8.6,171,0,1,0,0,0,0,0,1,0,0,0,0,0,1,0,0,0,1,0,0
64,Shades of Gray,2014,8.6,108,0,1,0,0,0,0,0,0,0,0,0,0,0,0,0,0,0,0,0,0
65,Ninah's Dowry,2012,8.6,95,0,1,0,0,1,0,0,0,0,0,0,0,0,0,0,0,0,0,1,0
66,The Intouchables,2011,8.6,112,0,1,0,0,0,0,0,0,0,0,0,0,0,0,0,0,1,0,1,0
67,El Americano: The Movie,2014,7.3,98,0,0,0,0,1,1,0,0,0,0,0,1,0,0,1,0,1,0,0,0
68,A Reason,2014,8.6,112,0,1,0,0,0,0,0,0,0,0,0,0,0,0,0,0,0,0,0,0
69,Chasing Taste,2014,8.6,89,0,0,0,0,0,0,0,0,0,0,0,0,0,0,0,0,1,0,0,0
70,"Oh, My God!",2013,8.6,92,0,0,0,0,0,0,0,0,0,1,0,0,0,0,0,0,1,1,0,0
71,Intenzivni udarac u glavu,2012,8.6,46,0,0,0,0,0,0,1,0,0,0,0,0,0,1,0,0,0,0,0,0
72,Scopia,2014,8.6,130,0,0,0,1,0,0,1,0,0,0,0,0,0,1,0,0,0,0,0,0
73,Love Equation,2010,8.6,111,0,1,0,0,0,0,0,0,0,0,0,0,0,0,0,0,0,0,0,0
74,Thief of the Mind,2011,8.6,,0,0,0,0,0,0,0,1,0,0,0,0,0,0,0,0,0,0,0,0
75,A Wednesday,2008,8.6,104,1,1,0,0,0,0,0,1,0,0,0,0,0,1,0,0,0,0,0,0
76,Haider,2014,8.6,160,0,1,0,0,0,0,0,1,1,0,0,0,0,1,0,0,0,0,0,0
77,The Racket Boys,2011,8.6,85,0,1,0,0,0,0,0,0,0,0,0,0,0,0,0,0,1,0,0,0
78,Santiago,2011,8.6,80,0,1,0,0,0,0,0,0,0,0,0,0,0,0,0,0,0,0,0,0
79,See You in Montevideo,2014,8.6,141,0,0,1,0,0,1,0,0,0,0,0,0,0,0,0,0,1,0,0,0
80,Cahaya Dari Timur: Beta Maluku,2014,8.6,151,0,1,1,0,0,0,0,0,0,0,0,0,0,0,0,0,0,0,0,1
81,Koma,2013,8.6,90,0,0,0,0,0,0,0,0,0,0,0,0,0,0,0,0,0,0,0,0
82,Jack London's Love of Life,2012,8.6,109,0,1,0,0,0,1,0,0,0,0,0,0,0,0,0,0,0,0,0,1
83,PK,2014,8.6,153,1,1,0,0,0,0,0,0,1,1,0,0,0,0,0,0,1,0,0,0
84,The Gospel of John,2014,8.5,160,0,1,0,0,0,0,0,0,0,0,0,0,0,0,0,0,0,0,0,0
85,Perception,2009,8.6,107,0,1,0,0,0,0,0,0,0,0,0,0,0,0,0,0,0,0,0,0
86,Kasabian Summer Solstice,2014,8.6,,0,0,0,0,0,0,0,0,0,0,0,0,0,0,0,1,0,0,0,0
87,Yume no mani mani,2008,8.6,106,0,1,0,0,0,0,0,0,0,0,0,0,0,0,0,0,0,0,0,0
88,Revenge Live,2006,8.6,,0,0,0,0,0,0,0,0,0,0,0,0,0,1,0,0,0,0,0,0
89,The Blue Elephant,2014,8.6,170,1,1,0,0,0,0,1,0,0,0,0,0,0,1,0,0,0,0,0,0
90,For Some Inexplicable Reason,2014,8.6,96,0,1,0,0,0,0,0,0,0,0,0,0,0,0,0,0,1,0,0,0
91,Crveno i crno,2006,8.6,70,0,1,0,0,0,0,0,0,0,0,0,0,0,0,0,0,0,0,0,0
92,We Pedal Uphill,2008,8.6,111,0,1,0,0,0,0,0,0,0,0,0,0,0,0,0,0,1,0,0,1
93,Ratter,2014,8.4,80,0,1,0,0,0,0,0,0,0,0,0,0,0,1,0,0,0,0,0,0
94,RWBY: Volume 2,2014,8.5,153,0,0,0,0,0,0,0,0,0,0,0,0,0,0,0,0,0,0,0,0
95,Aa Dinagalu,2007,8.6,136,0,1,0,0,0,0,0,1,1,0,0,0,0,1,0,0,0,0,0,0
96,Life of Ryan: Caretaker Manager,2014,8.6,,0,0,1,0,0,0,0,0,0,0,0,0,0,0,0,0,0,0,0,0
97,God's Forgotten House,2005,8.5,,0,1,0,0,0,0,0,0,0,0,0,0,0,0,0,0,0,0,0,0
98,The Dark Knight Rises,2012,8.5,165,0,0,0,0,0,0,0,0,0,0,0,0,0,1,1,0,0,0,0,0
99,Runoff,2014,8.5,,0,1,0,0,0,0,0,0,0,0,0,0,0,0,0,0,0,0,0,0
100,Like Stars on Earth,2007,8.5,165,0,1,0,0,1,0,0,0,0,0,0,0,0,0,0,0,0,0,0,0
101,Crossing Bridges,2013,8.5,103,0,1,0,0,0,0,0,0,0,0,0,0,0,0,0,0,0,0,0,0
102,The Tartan Horror Story,2009,8.5,60,0,0,0,0,0,0,1,0,0,0,0,0,0,0,0,0,0,0,0,0
103,The Robert Yummy Sandifer Story,2013,8.5,62,0,0,0,0,0,0,0,1,0,0,0,0,0,1,0,1,0,0,0,0
104,Winter Sleep,2014,8.5,196,0,1,0,0,0,0,0,0,0,0,0,0,0,0,0,0,0,0,0,0
105,Red vs. Blue: Volume 11,2013,8.5,120,0,0,0,0,0,0,0,0,0,0,0,0,0,0,0,0,0,0,0,0
106,"Love, Pride and Other Nonsense",2012,8.5,100,0,1,0,0,0,0,0,0,1,0,0,0,0,0,0,0,0,0,0,0
107,Queen,2014,8.5,146,0,1,0,0,0,1,0,0,0,0,0,0,0,0,0,0,1,0,0,0
108,Bjork's Voltaic: Live in Paris,2009,8.5,72,0,0,0,0,0,0,0,0,0,0,0,0,0,0,0,0,0,1,0,0
109,I Am Orpheus,2012,8.5,90,0,1,0,0,0,0,0,0,0,0,0,0,0,0,0,0,0,0,0,0
110,The Departed,2006,8.5,151,0,1,0,0,0,0,0,1,0,0,0,0,0,1,0,0,0,0,0,0
111,Stand by Me Doraemon,2014,8.5,95,0,0,0,0,0,0,0,0,0,0,0,1,0,0,0,0,0,0,0,0
112,Gangs of Wasseypur,2012,8.5,320,0,1,0,0,0,0,0,1,0,0,0,0,0,1,1,0,0,0,0,0
113,Two Hearts as One,2014,8.5,126,0,1,0,0,0,0,0,0,0,0,0,0,0,0,0,0,0,0,0,1
114,Lucia,2013,8.5,135,0,1,0,1,0,0,0,0,1,0,0,0,0,1,0,0,0,0,0,0
115,The Prestige,2006,8.5,130,1,1,0,0,0,0,0,0,0,0,0,0,0,1,0,0,0,0,0,0
116,The American Side,2014,8.5,90,1,1,0,0,0,0,0,0,0,0,0,0,0,1,0,0,0,0,0,0
117,Mousse,2012,8.2,,0,1,0,0,0,0,0,0,0,0,0,0,0,0,0,0,1,0,0,0
118,Shuruaat Ka Interval,2014,8.5,99,0,0,0,0,0,0,0,0,0,0,0,0,0,0,0,0,0,0,0,0
119,Unsound,2013,8.5,94,0,1,0,0,0,0,0,0,0,0,0,0,0,0,0,0,1,0,0,0
120,When Strangers Meet,2008,8.5,120,0,1,0,0,0,0,0,0,0,0,0,0,0,0,0,0,0,0,0,0
121,Tangled Up in Blue,2011,8.5,97,0,1,0,0,0,1,0,0,0,0,0,0,0,0,0,0,1,0,0,0
122,Wid Winner and the Slipstream,2010,8.5,50,0,1,0,0,0,0,0,0,0,0,0,0,0,0,0,0,0,0,0,0
123,Alborada carmes,2009,8.5,94,0,0,0,0,0,0,0,0,0,0,0,0,0,1,0,0,0,0,0,0
124,Basain,2005,8.5,90,0,1,0,0,0,0,0,0,0,0,0,0,0,0,0,0,0,0,0,0
125,Srltek - The Movie,2011,8.5,,0,0,0,0,0,0,0,0,0,0,0,0,0,0,0,0,1,0,0,0
126,O21,2014,8.5,124,0,0,0,0,0,0,0,0,0,0,0,0,1,1,1,0,0,0,0,0
127,Spud 3: Learning to Fly,2014,8.5,89,0,0,0,0,0,0,0,0,0,0,0,0,0,0,0,0,1,0,0,0
128,Betty I Am,2012,8.5,93,0,0,0,0,0,0,0,0,0,0,0,0,0,0,0,0,1,0,0,0
129,The Lives of Others,2006,8.5,137,0,1,0,0,0,0,0,0,0,0,0,0,0,1,0,0,0,0,0,0
130,Django Unchained,2012,8.5,165,0,0,0,0,0,0,0,0,0,0,1,0,0,0,0,0,0,0,0,0
131,3 Idiots,2009,8.5,170,0,1,0,0,0,0,0,0,0,0,0,0,0,0,0,0,1,0,0,0
132,RiffTrax Live: Sharknado,2014,8.5,120,0,0,0,0,0,0,0,0,0,0,0,0,0,0,0,0,1,0,0,0
133,G.N.A.R.,2011,8.5,69,0,0,0,0,0,0,0,0,0,0,0,0,0,0,0,0,1,0,0,0
134,The Corners,2010,8.5,65,0,1,0,0,0,0,0,0,0,0,0,0,0,0,0,0,0,0,0,0
135,I'm Santana: The Movie,2012,8.5,73,0,0,0,0,0,0,0,0,0,0,0,0,0,0,0,0,1,0,0,0
136,Happy Familyy Pvt Ltd,2013,8.5,140,0,0,0,0,0,0,0,0,0,0,0,0,0,0,0,0,1,0,0,0
137,Never Alone,2014,8.5,91,0,1,0,0,0,0,0,0,0,0,0,0,0,1,0,0,0,0,0,0
138,Last Days of Simon,2009,8.5,,0,1,0,0,0,0,0,0,0,0,0,0,0,0,0,0,1,0,0,0
139,Tell 'Em Steve-Dave Puppet Theatre,2013,8.5,94,0,0,0,0,0,0,0,0,0,0,0,0,0,0,0,0,1,0,0,0
140,After Film School,2014,8.3,93,0,0,0,0,0,0,0,0,0,0,0,0,0,0,0,0,1,1,0,0
141,An American in Hollywood,2014,8.5,,0,1,0,0,0,0,0,0,0,0,0,0,0,0,0,0,0,0,0,0
142,Peti leptir,2014,8.5,,0,0,0,0,1,0,0,0,0,1,0,0,0,0,0,0,0,0,0,0
143,All Stars,2014,8.5,98,0,0,0,0,0,0,0,0,0,0,0,0,0,0,0,0,1,0,0,0
144,Veronika,2014,8.5,61,0,0,0,0,0,0,1,0,0,0,0,0,0,0,0,0,0,0,0,0
145,Amaneti,2014,8.5,90,0,1,0,0,0,0,0,0,0,0,0,0,0,0,0,0,0,0,0,0
146,Rang De Basanti,2006,8.5,157,0,1,0,0,0,0,0,0,0,0,0,0,0,0,0,0,0,0,0,0
147,Coming Soon,2014,8.5,134,0,0,0,0,0,0,0,0,0,0,0,0,0,0,0,0,1,0,0,0
148,Where Hope Grows,2014,8.5,95,0,1,0,0,0,0,0,0,0,0,0,0,0,0,0,0,0,0,0,0
149,Fandry,2013,8.5,101,0,1,0,0,1,0,0,0,0,0,0,0,0,0,0,0,0,0,0,0
150,WALLE,2008,8.5,98,0,0,0,1,0,1,0,0,1,0,0,1,0,0,0,0,0,0,0,0
151,Punjab 1984,2014,8.4,159,0,1,0,0,1,0,0,0,0,0,0,0,0,0,0,0,0,0,0,1
152,In the Name of God,2007,8.4,168,0,1,0,0,0,0,0,1,0,0,0,0,0,1,0,0,0,0,0,0
153,Chakde! India,2007,8.4,153,0,1,1,0,1,0,0,0,0,0,0,0,0,0,0,0,0,0,0,0
154,Home Sweet Home (Konkani),2014,8.4,,0,0,0,0,0,0,0,0,0,0,0,0,0,0,0,0,1,0,0,0
155,Pawnshop,2013,8.4,88,0,0,0,0,0,0,0,1,0,0,0,0,0,0,0,0,1,0,0,0
156,Revenge of the Sith Review,2010,8.5,110,0,0,0,0,0,0,0,0,0,0,0,0,0,0,0,0,1,0,0,0
157,A Separation,2011,8.4,123,0,1,0,0,0,0,0,0,0,0,0,0,0,0,0,0,0,0,0,0
158,Backgammon,2014,8.4,68,0,1,0,0,0,0,0,0,0,0,0,0,0,0,0,0,0,0,0,0
159,Beforel Orel: Trust,2012,8.4,,0,0,0,0,0,0,0,0,0,0,0,0,0,0,0,0,1,0,0,0
160,American Girl,2013,8.4,82,0,1,0,0,0,0,0,0,1,0,0,0,0,0,0,0,0,0,0,0
161,Odd Brodsky,2013,8.4,93,0,0,0,0,0,0,0,0,0,0,0,0,0,0,0,0,1,0,0,0
162,Impirioso,2013,8.4,,0,1,0,0,0,0,0,0,0,0,0,0,0,0,0,0,0,0,0,0
163,Dissensions,2012,8.4,85,0,1,0,0,0,0,0,0,0,0,0,0,0,0,0,0,0,0,0,0
164,The Emigrant,2012,8.4,47,0,1,0,0,0,0,0,0,0,0,0,0,0,0,0,0,0,1,0,0
165,American Actor,2011,8.4,72,0,0,0,0,0,0,0,0,0,0,0,0,0,0,0,0,1,0,0,0
166,Cops,2010,8.4,75,0,0,0,0,0,0,0,1,0,0,0,0,0,0,1,0,1,0,0,0
167,Under 21,2009,8.4,90,0,0,0,0,0,0,0,0,0,0,0,0,0,0,0,0,1,0,0,0
168,Sden,2008,8.4,67,0,0,0,0,0,0,0,0,0,0,0,0,0,0,0,1,0,0,0,0
169,Soodhu Kavvum,2013,8.4,135,0,0,0,0,0,0,0,1,0,0,0,0,0,1,0,0,1,0,0,0
170,Bread and Butter,2014,8.4,,0,0,0,0,0,0,0,0,0,0,0,0,0,0,0,0,1,0,0,0
171,Doctor Faustus,2012,8.4,147,0,1,0,0,0,0,0,0,0,0,0,0,0,0,0,0,1,0,0,0
172,Crossed the Line,2014,8.4,,0,1,0,0,0,0,0,0,0,0,0,0,0,0,0,0,0,0,0,0
173,Athadu,2005,8.4,172,0,0,0,0,0,0,0,0,1,0,0,0,0,1,1,0,0,1,0,0
174,Teenage Kung Fu Cottontails,2014,8.4,104,0,0,0,0,0,0,0,0,0,1,0,0,0,0,0,0,0,0,0,0
175,Bhaag Milkha Bhaag,2013,8.4,186,0,1,1,0,0,0,0,0,0,0,0,0,0,0,0,0,0,0,1,1
176,Anima and Persona,2010,8.4,153,0,0,0,0,0,0,0,1,0,0,0,0,0,1,1,0,1,0,0,0
177,Toy Story 3,2010,8.4,103,0,0,0,0,1,1,0,0,0,1,0,1,0,0,0,0,1,0,0,0
178,WildLike,2014,8.5,104,0,1,0,0,0,1,0,0,0,0,0,0,0,1,0,0,0,0,0,0
179,New Kids on the Block: Coming Home,2010,8.4,115,0,0,0,0,0,0,0,0,0,0,0,0,0,0,0,1,0,0,0,0
180,Schism,2008,8.4,96,0,1,0,0,0,0,0,0,0,0,0,0,0,0,0,0,0,0,0,0
181,Teacher of the Year,2014,8.4,82,0,0,0,0,0,0,0,0,0,0,0,0,0,0,0,0,1,0,0,0
182,The Beautiful Ones,2014,8.4,94,1,1,0,0,0,0,0,1,0,0,0,0,0,1,0,0,0,0,0,0
183,Jewel Fools,2014,8.4,100,0,0,0,0,0,0,0,1,0,0,0,0,0,0,1,0,1,1,0,0
184,"Trust, Greed, Bullets & Bourbon",2013,8.2,85,0,1,0,0,0,0,0,1,0,0,0,0,0,0,0,0,0,0,0,0
185,Detective Detective Detective,2014,8.4,85,1,0,0,0,0,0,0,0,0,0,0,0,0,0,0,0,1,0,0,0
186,Astray,2014,8.4,70,0,1,0,0,0,1,0,0,0,0,0,0,0,0,0,0,0,0,0,0
187,Someone's Life,2014,8.4,,0,1,0,0,0,0,0,0,0,0,0,0,0,0,0,0,0,0,0,0
188,Caleidoscopio,2014,8.4,90,0,1,0,0,0,0,0,0,0,0,0,0,0,0,0,0,1,0,0,0
189,Another Chance,2013,8.4,60,0,1,0,0,0,0,0,0,0,0,0,0,0,0,0,0,0,0,0,0
190,Better,2010,8.4,,0,1,0,0,0,0,0,0,0,0,0,0,0,0,0,0,0,0,0,0
191,HIV,2014,8.4,,0,1,0,0,0,0,0,0,0,0,0,0,0,0,0,0,0,0,0,0
192,Shahid,2012,8.4,129,0,1,0,0,0,0,0,1,0,0,0,0,0,1,0,0,0,0,1,0
193,As Seen by the Rest,2014,8.4,154,0,1,0,0,0,0,0,1,0,0,0,0,0,1,0,0,1,0,0,0
194,The Murder of Hi Good,2012,8.4,65,0,0,0,0,0,0,0,0,0,0,1,0,0,0,0,0,0,0,0,0
195,Armin Only: Mirage,2011,8.4,138,0,0,0,0,0,0,0,0,0,0,0,0,0,0,0,1,0,0,0,0
196,Apur Panchali,2014,8.4,97,0,1,0,0,1,0,0,0,0,0,0,0,0,0,0,0,0,0,0,1
197,Montevideo: Taste of a Dream,2010,8.4,140,0,1,1,0,0,1,0,0,1,0,0,0,0,0,0,0,1,0,0,1
198,Di timur matahari,2012,8.4,110,0,1,0,0,0,0,0,0,0,0,0,0,0,0,0,0,0,0,0,0
199,The Best Red vs. Blue. Ever. Of All Time,2012,8.4,150,0,0,0,0,0,0,0,0,0,0,0,0,0,0,0,0,0,0,0,0
200,Amiri's Child,2014,8.4,61,0,1,0,0,0,0,0,0,0,0,0,0,0,0,0,0,0,0,0,0
201,Kismet,2010,8.4,72,0,0,0,0,0,0,0,0,1,0,0,0,0,0,0,0,0,0,0,0
202,Khosla's Nest,2006,8.4,135,0,1,0,0,0,0,0,1,0,0,0,0,0,0,0,0,1,0,0,0
203,Ugly,2013,8.4,128,1,0,0,0,0,0,0,0,0,0,0,0,0,1,0,0,0,0,0,0
204,The Algerian,2014,8.4,99,0,0,0,0,0,0,0,0,1,0,0,0,0,1,1,0,0,0,0,0
205,The Axeman of Henderson County,2014,8.4,,0,0,0,0,0,0,0,0,0,0,0,0,0,1,0,0,0,0,0,0
206,Cinema Purgatorio,2014,8.4,98,0,0,0,0,0,0,0,0,0,0,0,0,0,0,0,0,1,0,0,0
207,This Narrow Place,2011,8.4,97,0,1,0,0,0,0,0,0,0,0,0,0,0,0,0,0,0,0,0,0
208,Urban Wolf,2010,8.4,,1,0,0,0,0,0,0,0,0,0,0,0,0,0,0,0,0,0,0,0
209,Phantom Halo,2014,8.4,87,0,1,0,0,0,0,0,1,0,0,0,0,0,1,0,0,0,0,0,0
210,Udaan,2010,8.4,134,0,1,0,0,0,0,0,0,0,0,0,0,0,0,0,0,0,0,0,0
211,Manos: The Hands of Felt,2014,8.4,72,0,0,0,0,0,0,0,0,0,0,0,0,0,0,0,0,1,0,0,0
212,There's Something in the Pilliga,2014,8.4,82,0,0,0,0,0,0,1,0,0,0,0,0,0,0,0,0,0,0,0,0
213,Wish You Well,2013,8.4,100,0,1,0,0,1,0,0,0,0,0,0,0,0,0,0,0,0,0,0,0
214,OzLand,2014,8.5,115,0,1,0,1,0,0,0,0,0,1,0,0,0,0,0,0,0,0,0,0
215,Il segreto di Italia,2014,8.4,98,0,1,0,0,0,0,0,0,0,0,0,0,0,0,0,0,0,0,0,1
216,Al Makida,2014,8.4,68,0,1,0,0,0,0,0,0,0,0,0,0,0,0,0,0,0,0,0,0
217,Fellowship,2005,8.4,48,0,0,0,0,0,0,0,0,0,0,0,0,0,0,0,0,1,0,0,0
218,The Limelight,2011,8.4,90,0,1,0,0,0,0,0,0,0,0,0,0,0,0,0,0,0,0,0,0
219,Hollow Spaces,2009,8.4,52,0,1,0,0,0,0,0,0,0,0,0,0,0,0,0,0,0,0,0,0
220,Grey Sheep,2013,8.4,105,0,1,0,0,0,0,0,0,0,0,0,0,0,0,0,0,1,0,0,0
221,Suck it Up Buttercup,2014,8.4,87,0,1,0,0,1,0,0,0,0,0,0,0,0,0,0,0,0,0,0,0
222,"Muse, Live at Rome Olympic Stadium, July 2013",2013,8.4,96,0,0,0,0,0,0,0,0,0,0,0,0,0,0,0,1,0,0,0,0
223,Turn Around Jake,2014,8.4,95,0,1,0,0,1,0,0,0,0,0,0,0,0,0,0,0,1,0,0,0
224,I'm Not Me,2011,8.4,120,1,1,0,0,0,0,0,0,1,0,0,0,0,0,0,0,0,0,0,0
225,Dream from Leaving,2008,8.4,78,0,0,0,0,0,0,0,0,0,0,0,0,0,0,0,1,0,0,0,0
226,Brooklyn Gangster: The Story of Jose Lucas,2012,8.4,,0,1,0,0,0,0,0,1,0,0,0,0,0,0,0,0,0,0,1,0
227,Gosht Choti Dongraevadhi,2009,8.4,105,0,1,0,0,0,0,0,0,0,0,0,0,0,0,0,0,0,0,0,0
228,Acharya,2011,8.4,147,0,1,0,0,0,0,0,0,0,0,0,0,0,0,0,1,0,0,1,0
229,Annabelle & Bear,2010,8.4,100,0,1,0,0,0,0,0,0,0,0,0,0,0,0,0,0,0,0,0,0
230,Common,2007,8.4,86,0,0,0,0,0,0,0,0,0,0,0,0,0,0,0,0,1,0,0,0
231,In the Name of Love,2012,8.4,115,0,0,0,0,0,0,0,0,0,0,0,0,0,1,0,0,0,0,0,0
232,Drushyam,2014,8.4,,0,1,0,0,1,0,0,0,0,0,0,0,0,1,0,0,0,0,0,0
233,It's Such a Beautiful Day,2012,8.4,62,0,1,0,1,0,0,0,0,0,1,0,1,0,0,0,0,1,0,0,0
234,Destination Unknown,2011,8.3,61,0,1,0,0,0,1,0,0,0,0,0,0,0,0,0,0,0,0,0,0
235,Marija's Own,2011,8.3,,0,0,0,0,0,0,0,0,0,0,0,0,0,0,0,0,1,0,0,0
236,Elizabeth Ekadashi,2014,8.3,90,0,1,0,0,1,1,0,0,0,0,0,0,0,0,0,0,0,0,0,0
237,Earthwork,2009,8.3,93,0,1,0,0,0,0,0,0,0,0,0,0,0,0,0,0,0,0,0,0
238,The Peace Tree,2005,8.3,48,0,1,0,0,1,0,0,0,0,0,0,0,0,0,0,0,0,0,0,0
239,Boy Meets Girl,2014,8.4,95,0,1,0,0,0,0,0,0,1,0,0,0,0,0,0,0,1,0,0,0
240,Drishya,2014,8.3,,0,1,0,0,1,0,0,0,0,0,0,0,0,1,0,0,0,0,0,0
241,Asmaa,2011,8.3,96,0,1,0,0,0,0,0,0,0,0,0,0,0,0,0,0,0,0,0,0
242,I'm Still Here,2013,8.3,120,0,1,0,0,0,0,0,0,1,0,0,0,0,1,0,0,0,0,0,0
243,Visions,2014,8.3,,0,0,0,0,0,0,1,0,0,0,0,0,0,1,0,0,0,0,0,0
244,Uncommon,2014,8.3,,0,1,0,0,0,0,0,0,0,0,0,0,0,0,0,0,0,0,0,0
245,Placebo,2012,8.3,90,0,1,0,0,0,0,0,0,0,0,0,0,0,0,0,0,0,0,0,0
246,Mayday Nowhere 3D,2013,8.3,121,0,0,0,0,0,0,0,0,0,0,0,0,0,0,0,1,0,0,0,0
247,Clank's Nemesis,2014,8.3,74,0,0,0,0,0,0,0,0,0,0,0,0,0,0,1,0,0,0,0,0
248,Tears of a Clown,2005,8.3,123,0,1,0,0,0,0,0,0,0,0,0,0,0,0,0,0,0,0,0,0
249,Gina and the G.I.T. (Genie-In-Training),2011,8.3,67,0,0,0,0,1,0,0,0,0,0,0,0,0,0,0,0,1,0,0,0
250,Hiding Place,2010,8.3,113,0,1,0,0,0,0,0,0,0,0,0,0,0,0,0,0,0,0,0,0
251,Escape,2012,8.3,,0,1,0,0,0,0,0,0,0,0,0,0,0,0,0,0,0,0,0,0
252,1 in 3,2010,8.3,110,0,1,0,0,0,0,0,0,0,0,0,0,0,0,0,0,0,0,0,0
253,Time and Place,2014,8.3,99,0,1,0,0,0,0,0,0,0,0,0,0,0,0,0,0,0,0,0,0
254,Caution! Heartache Ahead,2009,8.3,,0,1,0,0,0,0,0,0,0,0,0,0,0,0,0,0,0,0,0,0
255,Callback,2005,8.3,81,0,1,0,0,0,0,0,0,0,0,0,0,0,0,0,0,0,0,0,0
256,How to Make Movies at Home,2012,8.3,94,0,1,0,0,0,0,0,0,1,0,0,0,0,0,0,0,1,0,0,0
257,The Red Bowtie,2012,8.3,,0,1,0,0,0,0,0,0,0,0,0,0,0,0,0,0,0,0,0,0
258,Myth Seekers: In Search of Il Brutto,2012,8.3,,0,0,0,0,0,1,0,0,0,0,0,0,0,1,0,0,0,0,0,0
259,kin,2012,8.3,45,0,0,0,0,0,0,0,0,0,0,0,0,0,0,0,1,0,0,0,0
260,Butterfly Symphony,2013,8.3,,0,1,0,0,0,0,0,0,1,0,0,0,0,0,0,0,0,1,0,0
261,Kabarddi,2014,8.3,123,0,1,0,0,0,0,0,0,1,0,0,0,0,0,0,0,1,0,0,0
262,Calloused Hands,2013,8.3,97,0,1,0,0,0,0,0,0,0,0,0,0,0,0,0,0,0,0,0,0
263,Julien & Claire,2011,8.3,80,0,1,0,0,0,0,0,0,1,0,0,0,0,0,0,1,0,0,0,0
264,Mountain Top,2014,8.3,,1,1,0,0,1,0,0,0,0,0,0,0,0,0,0,0,0,0,0,0
265,The Beekeepers,2010,8.3,112,0,1,0,0,0,0,0,0,0,0,0,0,0,0,0,0,1,0,0,0
266,Wild Tales,2014,8.3,122,0,1,0,0,0,0,0,0,0,0,0,0,0,1,0,0,1,0,0,0
267,Television,2012,8.3,106,0,1,0,0,0,0,0,0,0,0,0,0,0,0,0,0,0,0,0,0
268,Ang nawawala,2012,8.3,,0,1,0,0,0,0,0,0,0,0,0,0,0,0,0,0,0,0,0,0
269,Stranded N Dangriga,2013,8.3,75,0,1,0,0,0,0,0,0,1,0,0,0,0,0,0,0,1,0,0,0
270,Manam,2014,8.3,163,0,1,0,0,0,0,0,0,0,1,0,0,0,0,0,0,1,0,0,0
271,Edegarike,2012,8.3,,0,1,0,0,0,0,0,1,0,0,0,0,0,0,0,0,0,0,0,0
272,Batman Begins,2005,8.3,140,0,0,0,0,0,1,0,0,0,0,0,0,0,0,1,0,0,0,0,0
273,Bangalore Days,2014,8.3,171,0,1,0,0,0,0,0,0,1,0,0,0,0,0,0,0,1,0,0,0
274,Pester,2014,8.3,76,0,1,0,0,0,0,0,0,0,0,0,0,0,0,0,0,0,0,0,0
275,What Is... Puscifer,2013,8.3,117,0,0,0,0,0,0,0,0,0,0,0,0,0,0,0,1,0,0,0,0
276,Singularity,2007,8.3,96,0,1,0,0,0,0,0,0,0,0,0,0,0,0,0,0,0,0,0,0
277,Reverb,2005,8.3,106,0,0,0,0,0,0,0,0,0,0,0,0,0,0,0,0,1,0,0,0
278,Chaar,2014,8.3,81,1,1,0,0,0,0,1,0,0,0,0,0,0,0,0,0,0,0,0,0
279,Mommy,2014,8.3,139,0,1,0,0,0,0,0,0,0,0,0,0,0,0,0,0,0,0,0,0
280,Young Europe,2012,8.3,120,0,1,0,0,0,0,0,0,0,0,0,0,0,0,0,0,0,0,0,0
281,Ship of Theseus,2012,8.3,140,0,1,0,0,0,0,0,0,0,0,0,0,0,0,0,0,0,0,0,0
282,Paan Singh Tomar,2012,8.3,135,0,0,1,0,0,0,0,1,0,0,0,0,0,1,1,0,0,0,1,0
283,What a Wonderful World,2014,8.3,73,0,1,0,0,0,0,0,0,0,0,0,0,0,0,0,0,0,0,0,0
284,This Is a Wasteland,2013,8.3,,0,0,0,0,0,0,0,0,0,0,0,0,0,0,0,1,0,0,0,0
285,Inglourious Basterds,2009,8.3,153,0,1,0,0,0,1,0,0,0,0,0,0,1,0,0,0,0,0,0,0
286,The Pearl,2005,8.3,120,0,1,0,0,0,0,0,0,0,0,0,0,0,0,0,0,0,0,0,0
287,Al Abaa' al Sighar,2005,8.3,90,0,0,0,0,1,0,0,0,0,0,0,0,0,0,0,0,1,1,0,0
288,Jhola,2013,8.3,,0,1,0,0,0,0,0,0,0,0,0,0,0,0,0,0,0,0,0,0
289,Flood Streets,2011,8.3,90,0,1,0,0,0,0,0,0,0,0,0,0,0,0,0,0,0,0,0,0
290,Sneakers & Soul,2009,8.3,98,0,1,0,0,0,0,0,0,0,0,0,0,0,0,0,0,1,0,0,0
291,The Bag Lady,2014,8.3,128,0,1,0,0,0,0,0,0,1,0,0,0,0,0,0,0,0,0,1,0
292,South of Southern,2011,8.3,60,0,0,0,0,0,0,0,0,0,0,0,0,0,0,0,0,1,0,0,0
293,Jammed,2014,8.3,75,0,0,0,0,0,0,0,0,0,0,0,0,0,0,0,0,1,0,0,0
294,Borges and I,2009,8.3,74,0,1,0,0,0,0,0,0,0,0,0,0,0,0,0,0,0,0,0,0
295,Fourhand,2008,8.3,67,0,1,0,0,0,0,0,0,0,0,0,0,0,0,0,0,0,0,0,0
296,Under One Sun,2009,8.3,91,0,1,0,0,0,0,0,0,0,0,0,0,0,0,0,0,0,0,0,0
297,Arizona Seaside,2007,8.3,94,0,0,0,0,0,0,0,0,0,0,0,0,0,0,0,0,1,0,0,0
298,The Meaning of Filo,2009,8.3,53,0,1,0,0,0,0,0,0,0,0,0,0,0,1,0,0,0,0,0,0
299,Joe Bonamassa: Live From New York Beacon Theatre,2012,8.3,125,0,0,0,0,0,0,0,0,0,0,0,0,0,0,0,1,0,0,0,0
300,For Love & Stacie,2006,8.3,95,0,1,0,0,0,0,0,0,0,0,0,0,0,0,0,0,0,0,0,0
301,Friends Don't Let Friends Date Friends,2014,8.3,97,0,0,0,0,0,0,0,0,1,0,0,0,0,0,0,0,1,0,0,0
302,Chotushkone,2014,8.3,148,0,0,0,0,0,0,0,0,0,0,0,0,0,1,0,0,0,0,0,0
303,Far from the Altar,2014,8.3,155,0,1,0,0,0,0,0,0,1,0,0,0,0,0,0,0,0,0,0,0
304,Your Mom Is a Bitch!,2010,8.3,70,0,1,0,0,0,0,0,0,0,0,0,0,0,0,0,0,0,0,0,0
305,Your Good Friend,2013,8.3,,0,1,0,0,0,0,0,0,0,0,0,0,0,0,0,0,0,0,0,0
306,Silicon Valley,2005,8.3,83,0,1,0,0,0,0,0,0,0,0,0,0,0,0,0,0,0,0,0,0
307,The Road from Elephant Pass,2008,8.3,,0,0,0,0,0,0,0,0,0,0,0,0,0,0,0,0,0,0,0,0
308,Split Second,2012,8.3,83,0,1,0,0,0,0,0,0,0,0,0,0,0,0,0,0,0,0,0,0
309,For Out of the Heart,2014,8.3,113,1,1,0,0,0,0,0,1,0,0,0,0,0,0,0,0,0,0,0,0
310,Let's Sin,2014,8.3,,0,1,0,0,0,0,0,0,0,0,0,0,0,0,1,0,0,0,0,0
311,Cosmic Psychos: Blokes You Can Trust,2013,8.2,,0,0,0,0,0,0,0,0,0,0,0,0,0,0,0,1,0,0,0,0
312,Living Legends,2014,8.3,100,0,1,0,0,0,0,0,0,1,0,0,0,0,0,0,0,1,0,0,0
313,M.A.R.C.O.,2010,8.3,79,0,1,0,0,0,0,0,0,0,0,0,0,0,0,0,0,0,0,0,0
314,A Date with Fear,2011,8.3,90,0,1,0,0,0,0,0,0,0,0,0,0,0,1,0,0,1,0,0,0
315,Generation Me,2012,8.3,120,0,0,0,0,0,0,0,0,1,0,0,0,0,0,0,1,1,0,0,0
316,More Than Frybread,2011,8.3,93,0,0,0,0,0,0,0,0,0,0,0,0,0,0,0,0,1,0,0,0
317,The A-List,2014,8.3,104,0,1,0,0,0,0,0,0,0,0,0,0,0,0,0,0,1,0,0,0
318,Joseph Campbell: Sukhavati,2005,8.3,79,0,0,0,0,0,0,0,0,0,0,0,0,0,0,0,0,0,0,0,0
319,The Return of Uncle Benon,2011,8.3,,0,0,0,0,0,0,0,0,0,0,0,0,0,0,1,0,0,0,0,0
320,Franklin: A Symphony of Pain,2014,8.3,90,0,1,0,0,0,0,0,0,0,0,0,0,0,1,0,0,0,0,0,0
321,Learning Gravity (aka the Undertaking),2007,8.3,60,0,0,0,0,0,0,0,0,0,0,0,0,0,0,0,0,0,0,0,0
322,Nital,2006,8.3,92,0,1,0,0,0,0,0,0,0,0,0,0,0,0,0,0,0,0,0,0
323,Naanu Nanna Kanasu,2010,8.3,,0,1,0,0,1,0,0,0,0,0,0,0,0,0,0,0,1,0,0,0
324,Staying Gold,2010,8.3,81,0,1,0,0,0,0,0,0,0,0,0,0,0,0,0,0,0,0,0,0
325,Closure,2007,8.3,94,0,1,0,0,0,0,0,0,0,0,0,0,0,0,0,0,0,0,0,0
326,The Hunt,2012,8.3,115,0,1,0,0,0,0,0,0,0,0,0,0,0,0,0,0,0,0,0,0
327,Under the Blood-Red Sun,2014,8.3,99,0,1,0,0,1,0,0,0,0,0,0,0,0,0,0,0,0,0,0,1
328,Tick Tock Boom Clap,2011,8.3,109,0,1,0,0,0,0,0,0,1,0,0,0,0,0,0,0,1,0,0,0
329,Midnite Cabby,2014,8.3,86,0,0,0,0,0,0,0,0,0,0,0,0,0,0,0,0,1,0,0,0
330,Police in Pollywood,2014,8.3,,0,1,0,0,0,0,0,0,1,0,0,0,0,0,0,0,1,0,0,0
331,Die Spieler,2007,8.3,86,0,1,0,0,0,0,0,0,0,0,0,0,0,0,0,0,0,0,0,0
332,Rat Rod Rockers!,2010,8.3,,0,0,0,0,0,0,0,1,0,0,0,0,0,0,0,0,0,0,0,0
333,Slug Street Scrappers: Rise of Ryuken,2012,8.3,49,0,0,0,0,0,0,0,0,0,0,0,0,0,0,1,0,1,0,0,0
334,Final Cut: Hlgyeim s uraim,2012,8.3,84,0,1,0,0,0,0,0,0,1,0,0,0,0,0,0,0,1,0,0,0
335,Roxie,2014,8.3,85,0,1,0,0,0,0,0,0,1,0,0,0,0,0,0,0,0,0,0,0
336,Ekskursante,2013,8.3,110,0,1,0,0,0,0,0,0,0,0,0,0,0,0,1,0,0,0,0,0
337,Up,2009,8.3,96,0,1,0,0,1,1,0,0,0,0,0,1,0,0,0,0,0,0,0,0
338,Dough,2014,8.3,94,0,1,0,0,0,0,0,0,0,0,0,0,0,0,0,0,1,0,0,0
339,Hola Venky!,2014,8.3,,0,0,0,0,0,0,0,0,0,0,0,0,0,0,0,0,1,0,0,0
340,Love in a Coffee Shop,2013,8.3,98,0,0,0,0,0,0,0,0,0,0,0,0,0,0,0,0,1,0,0,0
341,Omerta,2011,8.3,86,0,1,0,0,0,0,0,1,0,0,0,0,0,1,0,0,0,0,0,0
342,Ghatothkach,2008,7.5,91,0,0,0,0,1,0,0,0,0,0,0,1,0,0,0,0,0,0,0,0
343,Baandhon,2012,8.3,110,0,1,0,0,0,0,0,0,0,0,0,0,0,0,0,0,0,0,0,0
344,The Basket Case,2006,8.3,71,0,1,0,0,0,0,0,0,0,0,0,0,0,0,0,0,0,0,0,0
345,Running on Empty,2012,8.3,82,0,0,0,0,0,0,0,0,0,0,0,0,0,1,1,0,0,0,0,0
346,Pusiona,2012,8.3,,0,0,0,0,0,0,0,0,0,0,0,0,0,0,0,0,1,0,0,0
347,Road to Pecumsecah,2008,8.3,,0,1,0,0,0,0,0,0,0,0,0,0,0,0,0,0,1,0,0,0
348,Autochrome,2008,8.3,72,0,1,0,0,0,0,0,0,0,0,0,0,0,0,0,0,0,0,0,0
349,Le favole di Casimiro,2011,8.3,50,0,0,0,0,1,0,0,0,1,0,0,0,0,0,0,0,0,0,0,0
350,Agape,2008,8.3,119,0,1,0,0,0,0,0,0,0,0,0,0,0,0,0,0,0,0,0,0
351,Muklo,2005,8.3,45,0,1,0,0,0,0,0,0,0,0,0,0,0,0,0,0,0,0,0,0
352,Blazeni Augustin Kazotic,2008,8.3,54,0,1,0,0,0,0,0,0,0,0,0,0,0,0,0,0,0,0,1,1
353,Sam's Story,2011,8.3,94,0,1,0,0,0,0,0,0,0,0,0,0,0,0,0,0,0,0,0,0
354,Zagreb Stories Vol. 2,2012,8.3,,0,1,0,0,0,0,0,0,0,0,0,0,0,0,0,0,0,0,0,0
355,Vazhakku Enn 18/9,2012,8.3,124,0,1,0,0,1,0,0,1,0,0,0,0,0,1,0,0,0,0,0,0
356,Bat Romance,2012,8.3,,0,0,0,0,0,0,0,0,0,0,0,0,0,0,0,1,0,0,0,0
357,The Rest is Silence,2007,8.3,114,0,1,0,0,0,0,0,0,0,0,0,0,0,0,0,0,1,0,0,0
358,Company Retreat,2009,8.3,,0,0,0,0,0,0,0,0,0,0,0,0,0,0,0,0,0,0,0,0
359,Fireplace for Your Home: Crackling Fireplace,2011,8.3,61,0,0,0,0,0,0,0,0,0,0,0,0,0,0,0,0,0,0,0,0
360,Barfi!,2012,8.3,151,0,1,0,0,0,1,0,0,1,0,0,0,0,0,0,0,1,0,0,0
361,The Wolf and the Lamb,2013,8.3,141,1,0,0,0,0,0,0,1,0,0,0,0,0,1,0,0,0,0,0,0
362,Black,2005,8.3,122,0,1,0,0,0,0,0,0,0,0,0,0,0,0,0,0,0,0,0,0
363,My Autograph,2006,8.3,185,0,1,0,0,0,0,0,0,1,0,0,0,0,0,0,0,0,1,0,0
364,Song of the Sea,2014,8.3,93,0,0,0,0,1,0,0,0,0,1,0,1,0,0,0,0,0,0,0,0
365,Dry Run,2010,8.3,,0,1,0,0,0,0,0,1,0,0,0,0,0,0,0,0,0,0,0,0
366,American Cliche,2013,8.3,95,0,1,0,0,0,0,0,0,0,0,0,0,0,0,0,0,1,0,0,0
367,The Quitter,2014,8.3,85,0,1,0,0,0,0,0,0,0,0,0,0,0,0,0,0,1,0,0,0
368,The Nanabijou Tapes,2014,8.3,80,1,0,0,0,0,0,1,0,0,0,0,0,0,1,0,0,0,0,0,0
369,The Lies We Tell But the Secrets We Keep,2011,8.3,120,0,1,0,0,0,0,0,0,0,0,0,0,0,0,0,0,0,0,0,0
370,Bommarillu,2006,8.3,170,0,1,0,0,0,0,0,0,1,0,0,0,0,0,0,0,0,0,0,0
371,The Telemachy,2012,8.3,119,0,1,0,0,0,1,0,0,0,0,0,0,0,0,0,0,0,0,0,0
372,The Three Way,2011,8.3,86,0,1,0,0,0,0,0,0,0,0,0,0,0,0,0,0,1,0,0,0
373,Sawdust City,2011,8.3,97,0,1,0,0,0,0,0,0,0,0,0,0,0,0,0,0,0,0,0,0
374,Sand Castles,2014,8.3,93,0,1,0,0,0,0,0,0,0,0,0,0,0,0,0,0,0,0,0,0
375,Rough Winds,2009,8.3,100,0,1,0,0,0,0,0,0,0,0,0,0,0,0,0,0,0,0,0,0
376,Black Fly,2014,8.3,88,0,0,0,0,0,0,0,0,0,0,0,0,0,1,0,0,0,0,0,0
377,Gas Light,2014,8.3,80,1,0,0,0,0,0,1,0,0,0,0,0,0,1,0,0,0,0,0,0
378,Don't Get Killed in Alaska,2014,8.3,96,0,1,0,0,0,0,0,0,0,0,0,0,0,0,0,0,0,0,0,0
379,Missed Call,2005,8.3,105,0,1,0,0,0,0,0,0,0,0,0,0,0,0,0,0,1,0,0,0
380,Buoy,2012,8.3,82,0,1,0,0,0,0,0,0,0,0,0,0,0,0,0,0,0,0,0,0
381,Chasing Home,2012,8.3,85,0,1,0,0,0,0,0,0,0,0,0,0,0,0,0,0,0,0,0,0
382,The Gershwin's 'Porgy and Bess',2013,8.3,180,0,0,0,0,0,0,0,0,0,0,0,0,0,0,0,1,0,0,0,0
383,Mata,2006,8.3,143,0,0,0,0,0,0,0,0,0,0,0,0,0,0,0,0,1,0,0,0
384,The Wonderful World of Bill Maynard,2013,8.3,79,0,0,0,0,0,0,0,0,0,0,0,0,0,0,0,0,0,0,1,0
385,For the Title,2005,8.3,90,0,0,1,0,0,0,0,0,0,0,0,0,0,0,0,0,1,0,0,0
386,The Current,2014,8.3,85,0,1,0,0,1,0,0,0,0,0,0,0,0,0,0,0,0,0,0,0
387,Go with Le Flo,2014,8.3,,0,0,0,0,0,0,0,0,1,0,0,0,0,0,0,0,0,0,0,0
388,Flutter,2014,8.3,96,0,1,0,0,0,0,0,0,0,0,0,0,0,0,0,0,0,0,0,0
389,King of the Sands,2013,8.3,,0,1,0,0,0,0,0,0,0,0,0,0,0,0,0,0,0,0,1,1
390,Reunion 108,2013,8.3,118,0,0,0,0,0,0,0,0,0,0,0,0,0,0,0,0,1,0,0,0
391,Rooster Teeth: Best of RT Shorts and Animated Adventures,2013,8.3,233,0,0,0,0,0,0,0,0,0,0,0,0,0,0,0,0,1,0,0,0
392,A.L.F.,2012,8.3,96,0,1,0,0,0,0,0,0,0,0,0,0,0,0,0,0,0,0,0,0
393,Ugramm,2014,8.3,,0,1,0,0,0,0,0,0,0,0,0,0,0,1,1,0,0,0,0,0
394,Vanished,2014,8.3,,0,1,0,0,0,0,0,0,1,0,0,0,0,0,0,0,0,0,0,0
395,Welcome to Tolono,2007,8.3,92,0,1,0,0,0,0,0,0,0,0,0,0,0,0,0,0,1,0,0,0
396,Bathing Franky,2012,8.3,,0,1,0,0,0,0,0,0,0,0,0,0,0,0,0,0,1,0,0,0
397,Take Me Home,2005,8.3,105,0,1,0,0,0,0,0,0,0,0,0,0,0,0,0,0,0,0,0,0
398,Pan's Labyrinth,2006,8.3,118,0,1,0,0,0,0,0,0,0,1,0,0,1,0,0,0,0,0,0,0
399,45RPM,2012,8.3,,0,0,0,0,0,0,0,0,0,0,0,0,0,0,0,0,1,0,0,0
400,Halima's Path,2012,8.3,93,0,1,0,0,0,0,0,0,0,0,0,0,0,0,0,0,0,0,0,0
401,Rounds,2008,8.3,,0,1,0,0,0,0,0,0,0,0,0,0,0,0,0,0,0,0,0,0
402,Heads N TailZ,2005,8.3,91,0,0,0,0,0,0,0,1,0,0,0,0,0,0,0,0,1,0,0,0
403,Puujee,2008,8.3,110,0,0,0,0,0,0,0,0,0,0,0,0,0,0,0,0,0,0,0,0
404,Lucifer's Angels,2014,8.3,68,1,0,0,0,0,0,1,0,0,0,0,0,0,1,0,0,0,0,0,0
405,Deadly Revisions,2013,8.3,95,1,0,0,0,0,0,1,0,0,0,0,0,0,1,0,0,0,0,0,0
406,Callous,2009,8.3,,0,1,0,0,0,0,0,0,0,0,0,0,0,0,0,0,0,0,0,0
407,Sa North Diversion Road,2005,8.3,97,0,1,0,0,0,0,0,0,0,0,0,0,0,0,0,0,0,0,0,0
408,Kattradhu Thamizh,2007,8.3,147,1,1,0,0,0,0,0,0,0,0,0,0,0,0,0,0,0,0,0,0
409,...Vanities...,2012,8.3,61,1,1,0,0,0,0,0,0,0,0,0,0,0,0,0,0,1,0,0,0
410,Can U Feel It: The UMF Experience,2012,8.3,,0,0,0,0,0,0,0,0,0,0,0,0,0,0,0,1,0,0,0,0
411,Kingsman: The Secret Service,2014,8.2,129,0,0,0,0,0,1,0,1,0,0,0,0,0,0,1,0,1,0,0,0
412,Anahit,2014,8.1,,0,0,0,0,1,1,0,0,0,0,0,1,0,0,0,0,0,0,0,0
413,Who Shot Mamba?,2009,8.3,118,1,0,1,0,0,0,0,0,0,0,0,0,0,0,0,0,1,0,0,0
414,In the Shadow of the Dog,2006,8.3,130,0,1,0,0,0,0,0,0,0,0,0,0,0,0,0,0,0,0,0,0
415,Full Love,2014,8.2,,0,1,0,0,0,0,0,0,0,0,0,0,0,0,1,0,0,0,0,0
416,Woman,2007,8.3,90,0,0,0,0,0,0,0,0,0,0,0,0,0,0,0,0,0,0,1,0
417,Kahaani,2012,8.3,122,1,1,0,0,0,0,0,0,0,0,0,0,0,1,0,0,0,0,0,0
418,Midlife,2013,8.3,103,0,1,0,0,0,0,0,0,1,0,0,0,0,0,0,0,0,0,0,0
419,Once Upon a Winter's Night,2012,8.3,60,0,1,0,0,0,0,0,0,0,0,0,0,0,0,0,0,0,0,0,0
420,Kaththi,2014,8.3,166,0,1,0,0,0,0,0,0,0,0,0,0,0,0,1,0,0,0,0,0
421,Heaven Burns,2010,8.3,,0,1,0,0,0,0,0,0,0,0,0,0,0,0,0,0,0,0,0,0
422,Indigo Children,2012,8.3,75,0,1,0,0,0,0,0,0,0,0,0,0,0,0,0,0,0,0,0,0
423,September 12th,2005,8.3,77,0,1,0,0,0,0,0,0,0,0,0,0,0,0,0,0,0,0,0,0
424,Runaway,2013,8.3,,0,1,0,0,0,0,0,0,0,0,0,0,0,0,0,0,0,0,0,0
425,Welcome to Nowhere (Bullet Hole Road),2012,8.3,55,0,0,0,0,0,0,0,0,0,1,0,0,0,0,0,0,0,0,0,0
426,72 Miles - Ek Pravas,2013,8.3,92,0,1,0,0,0,0,0,0,0,0,0,0,0,0,0,0,0,0,1,0
427,The Secret in Their Eyes,2009,8.3,129,1,1,0,0,0,0,0,0,0,0,0,0,0,1,0,0,0,0,0,0
428,Usturoi,2014,8.3,90,0,0,0,0,1,1,0,0,0,0,0,0,0,0,0,0,1,0,0,0
429,The Wolf of Wall Street,2013,8.3,180,0,1,0,0,0,0,0,1,0,0,0,0,0,0,0,0,1,0,1,0
430,Thanha Rathi Ranga,2014,8.3,95,0,1,0,0,0,0,0,0,0,0,0,0,0,0,0,0,0,0,0,0
431,Bol,2011,8.3,165,0,1,0,0,0,0,0,1,0,0,0,0,0,1,0,0,0,0,0,0
432,Gone Girl,2014,8.3,149,1,1,0,0,0,0,0,0,0,0,0,0,0,1,0,0,0,0,0,0
433,White Orb,2014,8.2,105,0,1,0,0,0,0,1,0,0,0,0,0,0,0,0,0,1,0,0,0
434,The Distance Between Us,2014,8.2,117,0,1,0,0,0,0,0,0,1,0,0,0,0,0,0,0,0,0,0,0
435,Eddie Reynolds y Los ngeles de Acero,2014,8.2,106,0,0,0,0,0,0,0,0,1,0,0,0,0,0,0,1,1,0,0,0
436,Buffalo Boys,2013,8.2,80,0,1,0,0,0,0,0,1,0,0,0,0,0,0,0,0,0,0,0,0
437,Two Days in February,2012,8.2,,0,1,0,0,0,0,0,0,1,0,0,0,0,0,0,0,0,0,0,0
438,Palace Living,2013,8.2,83,0,1,0,0,0,0,0,0,0,0,0,0,0,0,0,0,1,0,0,0
439,Pinned,2014,8.2,100,0,0,1,0,0,0,0,0,0,0,0,0,0,0,0,0,1,0,0,0
440,A Breath to Survive,2013,8.2,80,0,1,0,0,0,0,0,0,0,0,0,0,0,0,0,0,0,0,0,0
441,Rinoplasticos: A Warrior's Journey,2014,8.2,55,0,0,0,0,0,1,0,0,0,0,0,0,0,0,0,0,0,0,0,0
442,Losing You,2009,8.2,88,0,1,0,0,0,0,0,0,0,0,0,0,0,0,0,0,0,0,0,0
443,Longchamps,2011,8.2,85,1,0,0,0,0,0,0,0,0,0,0,0,0,0,0,0,0,0,0,0
444,Lone Rivers,2013,8.2,112,0,1,0,0,0,0,0,0,0,0,0,0,0,0,0,0,0,0,0,0
445,Punascha,2014,8.2,130,0,1,0,0,0,0,0,0,0,0,0,0,0,0,0,0,0,0,0,0
446,Janem Janem,2005,8.2,105,0,1,0,0,0,0,0,0,0,0,0,0,0,0,0,0,0,0,0,0
447,In the City,2009,8.2,47,0,0,0,0,0,0,0,0,1,0,0,0,0,0,0,0,1,0,0,0
448,Crooked Features,2005,8.2,85,0,0,0,0,0,0,0,0,0,0,0,0,0,0,0,0,1,0,0,0
449,The Little Documentary That Couldn't,2007,8.2,80,0,0,0,0,0,0,0,0,0,0,0,0,0,0,0,0,1,0,0,0
450,Unsung,2005,8.2,65,0,0,0,0,0,0,0,0,0,0,0,0,0,0,0,0,1,0,0,0
451,Fate Twisted Simply,2006,8.2,96,0,1,0,0,0,0,0,0,0,0,0,0,0,0,0,0,0,0,0,0
452,Usagi-san,2013,8.2,,0,1,0,0,0,0,0,0,0,0,0,0,0,0,0,0,0,0,0,0
453,Footsteps in the Sand,2010,8.2,89,0,1,0,0,0,0,0,0,0,0,0,0,0,0,0,0,1,0,0,0
454,Audrey,2014,8.2,,0,0,0,0,0,0,0,0,0,0,0,0,0,0,0,0,1,0,0,0
455,Boyhood,2014,8.2,165,0,1,0,0,0,0,0,0,0,0,0,0,0,0,0,0,0,0,0,0
456,Home for Christmas,2014,8.2,102,0,0,0,0,0,0,0,0,1,0,0,0,0,0,0,0,1,0,0,0
